DATE,T10Y2Y
1976-06-07,0.73000000000000000000
1976-06-14,0.82600000000000000000
1976-06-21,0.82000000000000000000
1976-06-28,0.81400000000000000000
1976-07-05,0.84750000000000000000
1976-07-12,0.93200000000000000000
1976-07-19,1.01200000000000000000
1976-07-26,0.96400000000000000000
1976-08-02,1.09400000000000000000
1976-08-09,1.11000000000000000000
1976-08-16,1.16800000000000000000
1976-08-23,1.13800000000000000000
1976-08-30,1.13600000000000000000
1976-09-06,1.14000000000000000000
1976-09-13,1.18000000000000000000
1976-09-20,1.18400000000000000000
1976-09-27,1.18000000000000000000
1976-10-04,1.2280000000000000
1976-10-11,1.3650000000000000
1976-10-18,1.5420000000000000
1976-10-25,1.4340000000000000
1976-11-01,1.4060000000000000
1976-11-08,1.4050000000000000
1976-11-15,1.4100000000000000
1976-11-22,1.5300000000000000
1976-11-29,1.5725000000000000
1976-12-06,1.5580000000000000
1976-12-13,1.4820000000000000
1976-12-20,1.4920000000000000
1976-12-27,1.4875000000000000
1977-01-03,1.4460000000000000
1977-01-10,1.3920000000000000
1977-01-17,1.3680000000000000
1977-01-24,1.2640000000000000
1977-01-31,1.2100000000000000
1977-02-07,1.2420000000000000
1977-02-14,1.3160000000000000
1977-02-21,1.3150000000000000
1977-02-28,1.3400000000000000
1977-03-07,1.3540000000000000
1977-03-14,1.3760000000000000
1977-03-21,1.3660000000000000
1977-03-28,1.3840000000000000
1977-04-04,1.4020000000000000
1977-04-11,1.4300000000000000
1977-04-18,1.4440000000000000
1977-04-25,1.3900000000000000
1977-05-02,1.3460000000000000
1977-05-09,1.2900000000000000
1977-05-16,1.2020000000000000
1977-05-23,1.13000000000000000000
1977-05-30,1.15750000000000000000
1977-06-06,1.17800000000000000000
1977-06-13,1.17600000000000000000
1977-06-20,1.13600000000000000000
1977-06-27,1.13000000000000000000
1977-07-04,1.14500000000000000000
1977-07-11,1.16600000000000000000
1977-07-18,1.07000000000000000000
1977-07-25,0.97600000000000000000
1977-08-01,0.95600000000000000000
1977-08-08,0.89600000000000000000
1977-08-15,0.82800000000000000000
1977-08-22,0.73200000000000000000
1977-08-29,0.68800000000000000000
1977-09-05,0.71000000000000000000
1977-09-12,0.67600000000000000000
1977-09-19,0.63000000000000000000
1977-09-26,0.58200000000000000000
1977-10-03,0.58200000000000000000
1977-10-10,0.54250000000000000000
1977-10-17,0.38600000000000000000
1977-10-24,0.33400000000000000000
1977-10-31,0.40200000000000000000
1977-11-07,0.44000000000000000000
1977-11-14,0.44666666666666666667
1977-11-21,0.43800000000000000000
1977-11-28,0.41250000000000000000
1977-12-05,0.44400000000000000000
1977-12-12,0.47800000000000000000
1977-12-19,0.52400000000000000000
1977-12-26,0.54000000000000000000
1978-01-02,0.54250000000000000000
1978-01-09,0.54800000000000000000
1978-01-16,0.42600000000000000000
1978-01-23,0.43200000000000000000
1978-01-30,0.47600000000000000000
1978-02-06,0.48400000000000000000
1978-02-13,0.48250000000000000000
1978-02-20,0.47250000000000000000
1978-02-27,0.43800000000000000000
1978-03-06,0.46000000000000000000
1978-03-13,0.46600000000000000000
1978-03-20,0.45200000000000000000
1978-03-27,0.46000000000000000000
1978-04-03,0.46400000000000000000
1978-04-10,0.42600000000000000000
1978-04-17,0.47800000000000000000
1978-04-24,0.37600000000000000000
1978-05-01,0.34000000000000000000
1978-05-08,0.36600000000000000000
1978-05-15,0.35800000000000000000
1978-05-22,0.33400000000000000000
1978-05-29,0.30250000000000000000
1978-06-05,0.30000000000000000000
1978-06-12,0.30400000000000000000
1978-06-19,0.26400000000000000000
1978-06-26,0.12000000000000000000
1978-07-03,0.14200000000000000000
1978-07-10,0.18000000000000000000
1978-07-17,0.18200000000000000000
1978-07-24,0.13400000000000000000
1978-07-31,0.11200000000000000000
1978-08-07,0.11200000000000000000
1978-08-14,0.17800000000000000000
1978-08-21,0.02400000000000000000
1978-08-28,-0.07000000000000000000
1978-09-04,-0.08000000000000000000
1978-09-11,-0.11000000000000000000
1978-09-18,-0.14600000000000000000
1978-09-25,-0.16800000000000000000
1978-10-02,-0.17400000000000000000
1978-10-09,-0.10500000000000000000
1978-10-16,-0.15000000000000000000
1978-10-23,-0.19000000000000000000
1978-10-30,-0.33200000000000000000
1978-11-06,-0.64600000000000000000
1978-11-13,-0.60750000000000000000
1978-11-20,-0.52000000000000000000
1978-11-27,-0.63500000000000000000
1978-12-04,-0.70200000000000000000
1978-12-11,-0.62800000000000000000
1978-12-18,-0.61000000000000000000
1978-12-25,-0.81000000000000000000
1979-01-01,-0.84000000000000000000
1979-01-08,-0.79200000000000000000
1979-01-15,-0.77000000000000000000
1979-01-22,-0.74600000000000000000
1979-01-29,-0.75400000000000000000
1979-02-05,-0.65200000000000000000
1979-02-12,-0.59000000000000000000
1979-02-19,-0.56500000000000000000
1979-02-26,-0.65000000000000000000
1979-03-05,-0.71000000000000000000
1979-03-12,-0.68800000000000000000
1979-03-19,-0.69600000000000000000
1979-03-26,-0.65200000000000000000
1979-04-02,-0.62200000000000000000
1979-04-09,-0.63600000000000000000
1979-04-16,-0.65250000000000000000
1979-04-23,-0.55200000000000000000
1979-04-30,-0.55000000000000000000
1979-05-07,-0.54600000000000000000
1979-05-14,-0.55200000000000000000
1979-05-21,-0.51000000000000000000
1979-05-28,-0.53250000000000000000
1979-06-04,-0.50000000000000000000
1979-06-11,-0.40400000000000000000
1979-06-18,-0.27000000000000000000
1979-06-25,-0.29600000000000000000
1979-07-02,-0.15000000000000000000
1979-07-09,-0.18000000000000000000
1979-07-16,-0.08200000000000000000
1979-07-23,-0.15400000000000000000
1979-07-30,-0.31400000000000000000
1979-08-06,-0.30800000000000000000
1979-08-13,-0.32000000000000000000
1979-08-20,-0.40000000000000000000
1979-08-27,-0.54000000000000000000
1979-09-03,-0.58250000000000000000
1979-09-10,-0.71800000000000000000
1979-09-17,-0.74800000000000000000
1979-09-24,-0.74000000000000000000
1979-10-01,-0.66200000000000000000
1979-10-08,-0.71500000000000000000
1979-10-15,-1.13800000000000000000
1979-10-22,-1.3200000000000000
1979-10-29,-1.5400000000000000
1979-11-05,-1.3300000000000000
1979-11-12,-1.26333333333333333333
1979-11-19,-1.12400000000000000000
1979-11-26,-1.2575000000000000
1979-12-03,-0.91000000000000000000
1979-12-10,-0.95200000000000000000
1979-12-17,-1.12400000000000000000
1979-12-24,-1.01200000000000000000
1979-12-31,-0.91750000000000000000
1980-01-07,-0.81750000000000000000
1980-01-14,-0.66400000000000000000
1980-01-21,-0.66000000000000000000
1980-01-28,-0.69000000000000000000
1980-02-04,-0.68800000000000000000
1980-02-11,-0.57200000000000000000
1980-02-18,-0.74000000000000000000
1980-02-25,-1.2800000000000000
1980-03-03,-1.6320000000000000
1980-03-10,-2.0940000000000000
1980-03-17,-2.1700000000000000
1980-03-24,-2.1740000000000000
1980-03-31,-2.1240000000000000
1980-04-07,-1.8750000000000000
1980-04-14,-1.4880000000000000
1980-04-21,-0.88600000000000000000
1980-04-28,-0.42200000000000000000
1980-05-05,0.05600000000000000000
1980-05-12,0.57600000000000000000
1980-05-19,0.76200000000000000000
1980-05-26,0.99750000000000000000
1980-06-02,1.05000000000000000000
1980-06-09,1.04600000000000000000
1980-06-16,1.07400000000000000000
1980-06-23,1.01800000000000000000
1980-06-30,1.07800000000000000000
1980-07-07,1.20000000000000000000
1980-07-14,1.2780000000000000
1980-07-21,1.2520000000000000
1980-07-28,1.18800000000000000000
1980-08-04,1.08400000000000000000
1980-08-11,1.04000000000000000000
1980-08-18,0.74800000000000000000
1980-08-25,0.11400000000000000000
1980-09-01,0.13500000000000000000
1980-09-08,0.30200000000000000000
1980-09-15,0.00400000000000000000
1980-09-22,-0.25200000000000000000
1980-09-29,-0.27800000000000000000
1980-10-06,-0.18200000000000000000
1980-10-13,-0.15000000000000000000
1980-10-20,-0.29200000000000000000
1980-10-27,-0.48800000000000000000
1980-11-03,-0.60800000000000000000
1980-11-10,-0.62750000000000000000
1980-11-17,-0.50250000000000000000
1980-11-24,-0.96000000000000000000
1980-12-01,-1.3350000000000000
1980-12-08,-1.3380000000000000
1980-12-15,-1.4780000000000000
1980-12-22,-1.4980000000000000
1980-12-29,-0.75250000000000000000
1981-01-05,-0.50500000000000000000
1981-01-12,-0.65400000000000000000
1981-01-19,-0.67000000000000000000
1981-01-26,-0.91200000000000000000
1981-02-02,-0.64600000000000000000
1981-02-09,-0.74600000000000000000
1981-02-16,-0.85000000000000000000
1981-02-23,-0.66600000000000000000
1981-03-02,-0.71200000000000000000
1981-03-09,-0.73200000000000000000
1981-03-16,-0.60800000000000000000
1981-03-23,-0.24000000000000000000
1981-03-30,-0.24800000000000000000
1981-04-06,-0.16000000000000000000
1981-04-13,-0.33400000000000000000
1981-04-20,-0.46750000000000000000
1981-04-27,-0.70800000000000000000
1981-05-04,-0.72800000000000000000
1981-05-11,-1.3480000000000000
1981-05-18,-1.4700000000000000
1981-05-25,-1.6275000000000000
1981-06-01,-1.19800000000000000000
1981-06-08,-1.11000000000000000000
1981-06-15,-1.03000000000000000000
1981-06-22,-1.10000000000000000000
1981-06-29,-0.94600000000000000000
1981-07-06,-0.87250000000000000000
1981-07-13,-0.91800000000000000000
1981-07-20,-1.04600000000000000000
1981-07-27,-1.2720000000000000
1981-08-03,-1.19000000000000000000
1981-08-10,-1.18800000000000000000
1981-08-17,-1.4240000000000000
1981-08-24,-1.4600000000000000
1981-08-31,-1.3460000000000000
1981-09-07,-1.3875000000000000
1981-09-14,-1.3700000000000000
1981-09-21,-1.04200000000000000000
1981-09-28,-0.90400000000000000000
1981-10-05,-0.82200000000000000000
1981-10-12,-0.66500000000000000000
1981-10-19,-0.47600000000000000000
1981-10-26,-0.17000000000000000000
1981-11-02,0.03200000000000000000
1981-11-09,0.09000000000000000000
1981-11-16,0.33250000000000000000
1981-11-23,0.79400000000000000000
1981-11-30,0.85250000000000000000
1981-12-07,0.73400000000000000000
1981-12-14,0.59600000000000000000
1981-12-21,0.36400000000000000000
1981-12-28,0.08000000000000000000
1982-01-04,0.27000000000000000000
1982-01-11,0.33600000000000000000
1982-01-18,0.02000000000000000000
1982-01-25,-0.24400000000000000000
1982-02-01,-0.16400000000000000000
1982-02-08,-0.25400000000000000000
1982-02-15,-0.27666666666666666667
1982-02-22,-0.61600000000000000000
1982-03-01,-0.38400000000000000000
1982-03-08,-0.26600000000000000000
1982-03-15,-0.32600000000000000000
1982-03-22,-0.37800000000000000000
1982-03-29,-0.32600000000000000000
1982-04-05,-0.33000000000000000000
1982-04-12,-0.32250000000000000000
1982-04-19,-0.45400000000000000000
1982-04-26,-0.35400000000000000000
1982-05-03,-0.18400000000000000000
1982-05-10,-0.23800000000000000000
1982-05-17,-0.29400000000000000000
1982-05-24,-0.08600000000000000000
1982-05-31,0.04500000000000000000
1982-06-07,-0.03200000000000000000
1982-06-14,-0.11800000000000000000
1982-06-21,-0.26600000000000000000
1982-06-28,-0.22600000000000000000
1982-07-05,-0.21250000000000000000
1982-07-12,-0.10200000000000000000
1982-07-19,-0.04000000000000000000
1982-07-26,0.46000000000000000000
1982-08-02,0.50800000000000000000
1982-08-09,0.64200000000000000000
1982-08-16,0.58000000000000000000
1982-08-23,0.88600000000000000000
1982-08-30,0.82800000000000000000
1982-09-06,0.75250000000000000000
1982-09-13,0.68000000000000000000
1982-09-20,0.52400000000000000000
1982-09-27,0.42200000000000000000
1982-10-04,0.38800000000000000000
1982-10-11,0.42250000000000000000
1982-10-18,0.77000000000000000000
1982-10-25,0.91400000000000000000
1982-11-01,0.91200000000000000000
1982-11-08,0.77000000000000000000
1982-11-15,0.73250000000000000000
1982-11-22,0.68800000000000000000
1982-11-29,0.79500000000000000000
1982-12-06,0.77600000000000000000
1982-12-13,0.76800000000000000000
1982-12-20,0.98800000000000000000
1982-12-27,0.95750000000000000000
1983-01-03,0.93600000000000000000
1983-01-10,1.02800000000000000000
1983-01-17,1.14200000000000000000
1983-01-24,1.17000000000000000000
1983-01-31,1.19800000000000000000
1983-02-07,1.18000000000000000000
1983-02-14,1.09600000000000000000
1983-02-21,1.07250000000000000000
1983-02-28,1.00200000000000000000
1983-03-07,0.98000000000000000000
1983-03-14,0.89400000000000000000
1983-03-21,0.84600000000000000000
1983-03-28,0.75600000000000000000
1983-04-04,0.72750000000000000000
1983-04-11,0.82600000000000000000
1983-04-18,0.81200000000000000000
1983-04-25,0.83200000000000000000
1983-05-02,0.90600000000000000000
1983-05-09,0.94200000000000000000
1983-05-16,0.93400000000000000000
1983-05-23,0.89600000000000000000
1983-05-30,0.77250000000000000000
1983-06-06,0.77800000000000000000
1983-06-13,0.69600000000000000000
1983-06-20,0.61600000000000000000
1983-06-27,0.57400000000000000000
1983-07-04,0.72500000000000000000
1983-07-11,0.68400000000000000000
1983-07-18,0.67400000000000000000
1983-07-25,0.66000000000000000000
1983-08-01,0.74000000000000000000
1983-08-08,0.79600000000000000000
1983-08-15,0.73000000000000000000
1983-08-22,0.79800000000000000000
1983-08-29,0.77800000000000000000
1983-09-05,0.81500000000000000000
1983-09-12,0.82200000000000000000
1983-09-19,0.88000000000000000000
1983-09-26,0.88800000000000000000
1983-10-03,0.89400000000000000000
1983-10-10,0.89250000000000000000
1983-10-17,0.93600000000000000000
1983-10-24,0.96200000000000000000
1983-10-31,1.08400000000000000000
1983-11-07,1.08000000000000000000
1983-11-14,1.08666666666666666667
1983-11-21,1.03200000000000000000
1983-11-28,0.94500000000000000000
1983-12-05,0.96400000000000000000
1983-12-12,1.04400000000000000000
1983-12-19,1.02200000000000000000
1983-12-26,0.95250000000000000000
1984-01-02,0.94500000000000000000
1984-01-09,1.01800000000000000000
1984-01-16,1.05000000000000000000
1984-01-23,1.02800000000000000000
1984-01-30,1.02000000000000000000
1984-02-06,1.06600000000000000000
1984-02-13,1.07250000000000000000
1984-02-20,1.07000000000000000000
1984-02-27,1.03400000000000000000
1984-03-05,1.05000000000000000000
1984-03-12,1.09200000000000000000
1984-03-19,1.05200000000000000000
1984-03-26,0.91200000000000000000
1984-04-02,0.92400000000000000000
1984-04-09,0.93200000000000000000
1984-04-16,0.93600000000000000000
1984-04-23,1.00250000000000000000
1984-04-30,0.93000000000000000000
1984-05-07,0.92400000000000000000
1984-05-14,0.92000000000000000000
1984-05-21,0.98400000000000000000
1984-05-28,0.93500000000000000000
1984-06-04,0.89400000000000000000
1984-06-11,0.71800000000000000000
1984-06-18,0.59400000000000000000
1984-06-25,0.59200000000000000000
1984-07-02,0.65200000000000000000
1984-07-09,0.63000000000000000000
1984-07-16,0.47200000000000000000
1984-07-23,0.45800000000000000000
1984-07-30,0.39400000000000000000
1984-08-06,0.31000000000000000000
1984-08-13,0.29400000000000000000
1984-08-20,0.31000000000000000000
1984-08-27,0.23600000000000000000
1984-09-03,0.26750000000000000000
1984-09-10,0.29000000000000000000
1984-09-17,0.25400000000000000000
1984-09-24,0.34200000000000000000
1984-10-01,0.41200000000000000000
1984-10-08,0.47750000000000000000
1984-10-15,0.52200000000000000000
1984-10-22,0.55600000000000000000
1984-10-29,0.65200000000000000000
1984-11-05,0.71200000000000000000
1984-11-12,0.89333333333333333333
1984-11-19,0.93200000000000000000
1984-11-26,0.96000000000000000000
1984-12-03,1.03800000000000000000
1984-12-10,1.14000000000000000000
1984-12-17,1.2880000000000000
1984-12-24,1.4400000000000000
1984-12-31,1.4900000000000000
1985-01-07,1.5775000000000000
1985-01-14,1.5000000000000000
1985-01-21,1.4975000000000000
1985-01-28,1.3620000000000000
1985-02-04,1.2960000000000000
1985-02-11,1.3460000000000000
1985-02-18,1.3433333333333333
1985-02-25,1.3820000000000000
1985-03-04,1.2440000000000000
1985-03-11,1.14800000000000000000
1985-03-18,1.11400000000000000000
1985-03-25,1.12200000000000000000
1985-04-01,1.2000000000000000
1985-04-08,1.24000000000000000000
1985-04-15,1.2860000000000000
1985-04-22,1.3820000000000000
1985-04-29,1.4500000000000000
1985-05-06,1.4740000000000000
1985-05-13,1.4780000000000000
1985-05-20,1.4640000000000000
1985-05-27,1.4675000000000000
1985-06-03,1.3680000000000000
1985-06-10,1.3640000000000000
1985-06-17,1.4340000000000000
1985-06-24,1.5480000000000000
1985-07-01,1.5660000000000000
1985-07-08,1.5525000000000000
1985-07-15,1.4900000000000000
1985-07-22,1.5080000000000000
1985-07-29,1.5660000000000000
1985-08-05,1.5340000000000000
1985-08-12,1.4560000000000000
1985-08-19,1.4040000000000000
1985-08-26,1.3000000000000000
1985-09-02,1.3125000000000000
1985-09-09,1.3320000000000000
1985-09-16,1.3760000000000000
1985-09-23,1.3740000000000000
1985-09-30,1.5000000000000000
1985-10-07,1.4740000000000000
1985-10-14,1.3925000000000000
1985-10-21,1.3580000000000000
1985-10-28,1.3140000000000000
1985-11-04,1.2880000000000000
1985-11-11,1.2525000000000000
1985-11-18,1.2180000000000000
1985-11-25,1.15200000000000000000
1985-12-02,1.13750000000000000000
1985-12-09,1.15400000000000000000
1985-12-16,1.18600000000000000000
1985-12-23,1.07400000000000000000
1985-12-30,1.03000000000000000000
1986-01-06,1.02250000000000000000
1986-01-13,1.03000000000000000000
1986-01-20,1.07750000000000000000
1986-01-27,1.06600000000000000000
1986-02-03,1.05400000000000000000
1986-02-10,0.97800000000000000000
1986-02-17,0.80000000000000000000
1986-02-24,0.60400000000000000000
1986-03-03,0.45600000000000000000
1986-03-10,0.61200000000000000000
1986-03-17,0.53800000000000000000
1986-03-24,0.61200000000000000000
1986-03-31,0.50750000000000000000
1986-04-07,0.51800000000000000000
1986-04-14,0.65000000000000000000
1986-04-21,0.62000000000000000000
1986-04-28,0.65400000000000000000
1986-05-05,0.58800000000000000000
1986-05-12,0.63600000000000000000
1986-05-19,0.65800000000000000000
1986-05-26,0.67000000000000000000
1986-06-02,0.66000000000000000000
1986-06-09,0.73000000000000000000
1986-06-16,0.61800000000000000000
1986-06-23,0.55200000000000000000
1986-06-30,0.51800000000000000000
1986-07-07,0.58500000000000000000
1986-07-14,0.62600000000000000000
1986-07-21,0.59200000000000000000
1986-07-28,0.67400000000000000000
1986-08-04,0.75200000000000000000
1986-08-11,0.80200000000000000000
1986-08-18,0.77400000000000000000
1986-08-25,0.86600000000000000000
1986-09-01,0.96750000000000000000
1986-09-08,1.05800000000000000000
1986-09-15,1.12200000000000000000
1986-09-22,1.13400000000000000000
1986-09-29,1.09800000000000000000
1986-10-06,1.09600000000000000000
1986-10-13,1.18250000000000000000
1986-10-20,1.2180000000000000
1986-10-27,1.13200000000000000000
1986-11-03,1.08600000000000000000
1986-11-10,1.02000000000000000000
1986-11-17,0.95250000000000000000
1986-11-24,0.94800000000000000000
1986-12-01,0.93250000000000000000
1986-12-08,0.87000000000000000000
1986-12-15,0.87000000000000000000
1986-12-22,0.81000000000000000000
1986-12-29,0.78250000000000000000
1987-01-05,0.85250000000000000000
1987-01-12,0.83400000000000000000
1987-01-19,0.85500000000000000000
1987-01-26,0.86200000000000000000
1987-02-02,0.88400000000000000000
1987-02-09,0.84000000000000000000
1987-02-16,0.83000000000000000000
1987-02-23,0.88200000000000000000
1987-03-02,0.84600000000000000000
1987-03-09,0.81600000000000000000
1987-03-16,0.79600000000000000000
1987-03-23,0.81400000000000000000
1987-03-30,0.84000000000000000000
1987-04-06,0.96200000000000000000
1987-04-13,1.01800000000000000000
1987-04-20,1.11000000000000000000
1987-04-27,1.00000000000000000000
1987-05-04,0.88600000000000000000
1987-05-11,0.88800000000000000000
1987-05-18,0.86000000000000000000
1987-05-25,0.84750000000000000000
1987-06-01,0.77000000000000000000
1987-06-08,0.84800000000000000000
1987-06-15,0.84200000000000000000
1987-06-22,0.82200000000000000000
1987-06-29,0.80000000000000000000
1987-07-06,0.91250000000000000000
1987-07-13,0.98000000000000000000
1987-07-20,1.03800000000000000000
1987-07-27,1.05400000000000000000
1987-08-03,1.01600000000000000000
1987-08-10,1.05400000000000000000
1987-08-17,0.99600000000000000000
1987-08-24,0.99000000000000000000
1987-08-31,0.97400000000000000000
1987-09-07,1.08500000000000000000
1987-09-14,1.05000000000000000000
1987-09-21,1.13000000000000000000
1987-09-28,1.06600000000000000000
1987-10-05,1.02600000000000000000
1987-10-12,0.93250000000000000000
1987-10-19,1.02600000000000000000
1987-10-26,1.2740000000000000
1987-11-02,1.3080000000000000
1987-11-09,1.19800000000000000000
1987-11-16,1.11000000000000000000
1987-11-23,1.12800000000000000000
1987-11-30,1.21500000000000000000
1987-12-07,1.2220000000000000
1987-12-14,1.2180000000000000
1987-12-21,1.10600000000000000000
1987-12-28,1.01250000000000000000
1988-01-04,1.03500000000000000000
1988-01-11,1.05200000000000000000
1988-01-18,1.08250000000000000000
1988-01-25,0.99200000000000000000
1988-02-01,1.02200000000000000000
1988-02-08,0.99800000000000000000
1988-02-15,1.04500000000000000000
1988-02-22,1.05400000000000000000
1988-02-29,1.03000000000000000000
1988-03-07,1.06000000000000000000
1988-03-14,1.09200000000000000000
1988-03-21,1.13800000000000000000
1988-03-28,1.09600000000000000000
1988-04-04,1.13500000000000000000
1988-04-11,1.06200000000000000000
1988-04-18,1.13000000000000000000
1988-04-25,1.17600000000000000000
1988-05-02,1.16000000000000000000
1988-05-09,1.12000000000000000000
1988-05-16,1.08800000000000000000
1988-05-23,1.13400000000000000000
1988-05-30,1.02500000000000000000
1988-06-06,0.94200000000000000000
1988-06-13,0.95800000000000000000
1988-06-20,0.89800000000000000000
1988-06-27,0.84600000000000000000
1988-07-04,0.81500000000000000000
1988-07-11,0.80000000000000000000
1988-07-18,0.80400000000000000000
1988-07-25,0.76800000000000000000
1988-08-01,0.72000000000000000000
1988-08-08,0.67000000000000000000
1988-08-15,0.65800000000000000000
1988-08-22,0.62000000000000000000
1988-08-29,0.60000000000000000000
1988-09-05,0.55000000000000000000
1988-09-12,0.52800000000000000000
1988-09-19,0.52800000000000000000
1988-09-26,0.50800000000000000000
1988-10-03,0.45600000000000000000
1988-10-10,0.44000000000000000000
1988-10-17,0.47400000000000000000
1988-10-24,0.42800000000000000000
1988-10-31,0.42600000000000000000
1988-11-07,0.43200000000000000000
1988-11-14,0.32750000000000000000
1988-11-21,0.26000000000000000000
1988-11-28,0.19250000000000000000
1988-12-05,0.12800000000000000000
1988-12-12,0.04600000000000000000
1988-12-19,-0.01400000000000000000
1988-12-26,-0.00250000000000000000
1989-01-02,-0.01000000000000000000
1989-01-09,-0.03800000000000000000
1989-01-16,-0.05000000000000000000
1989-01-23,-0.11200000000000000000
1989-01-30,-0.12400000000000000000
1989-02-06,-0.16800000000000000000
1989-02-13,-0.20200000000000000000
1989-02-20,-0.18000000000000000000
1989-02-27,-0.23200000000000000000
1989-03-06,-0.20400000000000000000
1989-03-13,-0.26400000000000000000
1989-03-20,-0.33200000000000000000
1989-03-27,-0.38500000000000000000
1989-04-03,-0.42400000000000000000
1989-04-10,-0.30400000000000000000
1989-04-17,-0.29000000000000000000
1989-04-24,-0.26000000000000000000
1989-05-01,-0.22400000000000000000
1989-05-08,-0.11800000000000000000
1989-05-15,-0.06600000000000000000
1989-05-22,-0.20000000000000000000
1989-05-29,-0.22500000000000000000
1989-06-05,-0.16600000000000000000
1989-06-12,-0.10400000000000000000
1989-06-19,-0.16600000000000000000
1989-06-26,-0.16600000000000000000
1989-07-03,-0.04200000000000000000
1989-07-10,0.15750000000000000000
1989-07-17,0.22400000000000000000
1989-07-24,0.17000000000000000000
1989-07-31,0.26200000000000000000
1989-08-07,0.16200000000000000000
1989-08-14,0.00600000000000000000
1989-08-21,-0.08800000000000000000
1989-08-28,-0.13000000000000000000
1989-09-04,-0.16750000000000000000
1989-09-11,-0.14800000000000000000
1989-09-18,-0.00600000000000000000
1989-09-25,-0.10400000000000000000
1989-10-02,-0.12200000000000000000
1989-10-09,-0.13500000000000000000
1989-10-16,0.06000000000000000000
1989-10-23,0.10800000000000000000
1989-10-30,0.08600000000000000000
1989-11-06,0.01600000000000000000
1989-11-13,0.07600000000000000000
1989-11-20,0.11200000000000000000
1989-11-27,0.11250000000000000000
1989-12-04,0.09200000000000000000
1989-12-11,0.05400000000000000000
1989-12-18,0.03000000000000000000
1989-12-25,0.09000000000000000000
1990-01-01,0.04750000000000000000
1990-01-08,0.07800000000000000000
1990-01-15,0.13250000000000000000
1990-01-22,0.08400000000000000000
1990-01-29,0.17000000000000000000
1990-02-05,0.15800000000000000000
1990-02-12,0.10200000000000000000
1990-02-19,0.09250000000000000000
1990-02-26,0.09800000000000000000
1990-03-05,0.07400000000000000000
1990-03-12,-0.01800000000000000000
1990-03-19,-0.05400000000000000000
1990-03-26,-0.11200000000000000000
1990-04-02,-0.02200000000000000000
1990-04-09,0.03000000000000000000
1990-04-16,0.06750000000000000000
1990-04-23,0.08800000000000000000
1990-04-30,0.06800000000000000000
1990-05-07,0.08600000000000000000
1990-05-14,0.12200000000000000000
1990-05-21,0.12600000000000000000
1990-05-28,0.12500000000000000000
1990-06-04,0.12400000000000000000
1990-06-11,0.12400000000000000000
1990-06-18,0.12600000000000000000
1990-06-25,0.11400000000000000000
1990-07-02,0.16600000000000000000
1990-07-09,0.19250000000000000000
1990-07-16,0.25000000000000000000
1990-07-23,0.37800000000000000000
1990-07-30,0.41200000000000000000
1990-08-06,0.57000000000000000000
1990-08-13,0.73200000000000000000
1990-08-20,0.69200000000000000000
1990-08-27,0.69200000000000000000
1990-09-03,0.73000000000000000000
1990-09-10,0.78800000000000000000
1990-09-17,0.80000000000000000000
1990-09-24,0.83600000000000000000
1990-10-01,0.82200000000000000000
1990-10-08,0.81000000000000000000
1990-10-15,0.90000000000000000000
1990-10-22,0.81200000000000000000
1990-10-29,0.83200000000000000000
1990-11-05,0.88800000000000000000
1990-11-12,0.89000000000000000000
1990-11-19,0.75400000000000000000
1990-11-26,0.72500000000000000000
1990-12-03,0.74000000000000000000
1990-12-10,0.70800000000000000000
1990-12-17,0.69000000000000000000
1990-12-24,0.79200000000000000000
1990-12-31,0.89000000000000000000
1991-01-07,0.88000000000000000000
1991-01-14,1.05800000000000000000
1991-01-21,0.96000000000000000000
1991-01-28,0.95200000000000000000
1991-02-04,1.01000000000000000000
1991-02-11,1.00200000000000000000
1991-02-18,0.99750000000000000000
1991-02-25,0.94600000000000000000
1991-03-04,0.96000000000000000000
1991-03-11,0.98400000000000000000
1991-03-18,1.05200000000000000000
1991-03-25,1.01000000000000000000
1991-04-01,1.01750000000000000000
1991-04-08,1.06400000000000000000
1991-04-15,1.09200000000000000000
1991-04-22,1.05600000000000000000
1991-04-29,1.13200000000000000000
1991-05-06,1.2220000000000000
1991-05-13,1.2200000000000000
1991-05-20,1.2620000000000000
1991-05-27,1.3200000000000000
1991-06-03,1.4040000000000000
1991-06-10,1.3340000000000000
1991-06-17,1.2780000000000000
1991-06-24,1.3760000000000000
1991-07-01,1.3120000000000000
1991-07-08,1.3000000000000000
1991-07-15,1.3760000000000000
1991-07-22,1.3780000000000000
1991-07-29,1.3580000000000000
1991-08-05,1.3680000000000000
1991-08-12,1.4400000000000000
1991-08-19,1.5020000000000000
1991-08-26,1.5060000000000000
1991-09-02,1.4875000000000000
1991-09-09,1.5000000000000000
1991-09-16,1.4880000000000000
1991-09-23,1.4120000000000000
1991-09-30,1.4740000000000000
1991-10-07,1.4760000000000000
1991-10-14,1.5750000000000000
1991-10-21,1.6060000000000000
1991-10-28,1.7140000000000000
1991-11-04,1.7900000000000000
1991-11-11,1.8325000000000000
1991-11-18,1.7600000000000000
1991-11-25,1.9040000000000000
1991-12-02,1.9875000000000000
1991-12-09,2.0260000000000000
1991-12-16,2.1460000000000000
1991-12-23,2.1120000000000000
1991-12-30,1.9925000000000000
1992-01-06,2.0150000000000000
1992-01-13,2.0420000000000000
1992-01-20,2.0350000000000000
1992-01-27,2.1180000000000000
1992-02-03,2.1420000000000000
1992-02-10,2.1920000000000000
1992-02-17,2.1900000000000000
1992-02-24,2.0960000000000000
1992-03-02,1.9820000000000000
1992-03-09,1.9060000000000000
1992-03-16,1.8700000000000000
1992-03-23,1.7760000000000000
1992-03-30,1.8460000000000000
1992-04-06,1.9780000000000000
1992-04-13,2.1740000000000000
1992-04-20,2.1500000000000000
1992-04-27,2.1820000000000000
1992-05-04,2.2040000000000000
1992-05-11,2.1800000000000000
1992-05-18,2.1820000000000000
1992-05-25,2.1200000000000000
1992-06-01,2.1300000000000000
1992-06-08,2.1520000000000000
1992-06-15,2.2280000000000000
1992-06-22,2.2380000000000000
1992-06-29,2.2400000000000000
1992-07-06,2.3525000000000000
1992-07-13,2.5220000000000000
1992-07-20,2.6300000000000000
1992-07-27,2.5060000000000000
1992-08-03,2.3380000000000000
1992-08-10,2.3700000000000000
1992-08-17,2.3640000000000000
1992-08-24,2.4160000000000000
1992-08-31,2.4360000000000000
1992-09-07,2.4600000000000000
1992-09-14,2.4840000000000000
1992-09-21,2.5300000000000000
1992-09-28,2.5780000000000000
1992-10-05,2.5620000000000000
1992-10-12,2.5600000000000000
1992-10-19,2.5240000000000000
1992-10-26,2.4860000000000000
1992-11-02,2.4160000000000000
1992-11-09,2.4560000000000000
1992-11-16,2.3150000000000000
1992-11-23,2.1920000000000000
1992-11-30,2.1675000000000000
1992-12-07,2.1360000000000000
1992-12-14,2.0880000000000000
1992-12-21,2.0820000000000000
1992-12-28,2.0575000000000000
1993-01-04,2.1200000000000000
1993-01-11,2.1680000000000000
1993-01-18,2.2575000000000000
1993-01-25,2.2260000000000000
1993-02-01,2.2120000000000000
1993-02-08,2.2100000000000000
1993-02-15,2.1650000000000000
1993-02-22,2.1800000000000000
1993-03-01,2.0620000000000000
1993-03-08,2.0180000000000000
1993-03-15,1.9660000000000000
1993-03-22,2.0280000000000000
1993-03-29,2.0580000000000000
1993-04-05,2.1280000000000000
1993-04-12,2.1275000000000000
1993-04-19,2.1000000000000000
1993-04-26,2.1140000000000000
1993-05-03,2.1880000000000000
1993-05-10,2.1240000000000000
1993-05-17,2.0860000000000000
1993-05-24,2.0400000000000000
1993-05-31,1.9275000000000000
1993-06-07,1.8500000000000000
1993-06-14,1.7960000000000000
1993-06-21,1.8280000000000000
1993-06-28,1.7360000000000000
1993-07-05,1.7925000000000000
1993-07-12,1.7840000000000000
1993-07-19,1.7320000000000000
1993-07-26,1.6860000000000000
1993-08-02,1.6820000000000000
1993-08-09,1.7280000000000000
1993-08-16,1.7000000000000000
1993-08-23,1.6820000000000000
1993-08-30,1.6200000000000000
1993-09-06,1.5825000000000000
1993-09-13,1.4760000000000000
1993-09-20,1.4880000000000000
1993-09-27,1.5360000000000000
1993-10-04,1.5000000000000000
1993-10-11,1.4925000000000000
1993-10-18,1.4200000000000000
1993-10-25,1.4600000000000000
1993-11-01,1.4560000000000000
1993-11-08,1.5340000000000000
1993-11-15,1.5500000000000000
1993-11-22,1.5880000000000000
1993-11-29,1.6250000000000000
1993-12-06,1.5820000000000000
1993-12-13,1.5280000000000000
1993-12-20,1.6020000000000000
1993-12-27,1.5500000000000000
1994-01-03,1.5660000000000000
1994-01-10,1.5960000000000000
1994-01-17,1.5825000000000000
1994-01-24,1.6340000000000000
1994-01-31,1.6220000000000000
1994-02-07,1.5480000000000000
1994-02-14,1.4840000000000000
1994-02-21,1.4775000000000000
1994-02-28,1.4820000000000000
1994-03-07,1.4900000000000000
1994-03-14,1.4840000000000000
1994-03-21,1.4600000000000000
1994-03-28,1.4740000000000000
1994-04-04,1.5650000000000000
1994-04-11,1.5080000000000000
1994-04-18,1.4700000000000000
1994-04-25,1.3320000000000000
1994-05-02,1.2925000000000000
1994-05-09,1.2420000000000000
1994-05-16,1.2160000000000000
1994-05-23,1.2100000000000000
1994-05-30,1.18500000000000000000
1994-06-06,1.14200000000000000000
1994-06-13,1.17000000000000000000
1994-06-20,1.2300000000000000
1994-06-27,1.15800000000000000000
1994-07-04,1.13750000000000000000
1994-07-11,1.18400000000000000000
1994-07-18,1.2000000000000000
1994-07-25,1.16800000000000000000
1994-08-01,1.11000000000000000000
1994-08-08,1.11200000000000000000
1994-08-15,1.07000000000000000000
1994-08-22,1.02400000000000000000
1994-08-29,1.03600000000000000000
1994-09-05,1.03000000000000000000
1994-09-12,1.07600000000000000000
1994-09-19,1.08800000000000000000
1994-09-26,1.05400000000000000000
1994-10-03,1.03200000000000000000
1994-10-10,1.04500000000000000000
1994-10-17,1.02000000000000000000
1994-10-24,1.02200000000000000000
1994-10-31,0.99000000000000000000
1994-11-07,0.98800000000000000000
1994-11-14,0.93000000000000000000
1994-11-21,0.79400000000000000000
1994-11-28,0.62000000000000000000
1994-12-05,0.42800000000000000000
1994-12-12,0.27800000000000000000
1994-12-19,0.20400000000000000000
1994-12-26,0.18000000000000000000
1995-01-02,0.11500000000000000000
1995-01-09,0.20200000000000000000
1995-01-16,0.24000000000000000000
1995-01-23,0.27800000000000000000
1995-01-30,0.35000000000000000000
1995-02-06,0.33000000000000000000
1995-02-13,0.32200000000000000000
1995-02-20,0.34250000000000000000
1995-02-27,0.41600000000000000000
1995-03-06,0.43800000000000000000
1995-03-13,0.43400000000000000000
1995-03-20,0.40200000000000000000
1995-03-27,0.45000000000000000000
1995-04-03,0.41400000000000000000
1995-04-10,0.43600000000000000000
1995-04-17,0.49250000000000000000
1995-04-24,0.57200000000000000000
1995-05-01,0.49400000000000000000
1995-05-08,0.50600000000000000000
1995-05-15,0.49800000000000000000
1995-05-22,0.43400000000000000000
1995-05-29,0.42000000000000000000
1995-06-05,0.48200000000000000000
1995-06-12,0.43400000000000000000
1995-06-19,0.47200000000000000000
1995-06-26,0.42800000000000000000
1995-07-03,0.42200000000000000000
1995-07-10,0.47000000000000000000
1995-07-17,0.47800000000000000000
1995-07-24,0.52200000000000000000
1995-07-31,0.53200000000000000000
1995-08-07,0.58000000000000000000
1995-08-14,0.55000000000000000000
1995-08-21,0.45600000000000000000
1995-08-28,0.48600000000000000000
1995-09-04,0.43750000000000000000
1995-09-11,0.40600000000000000000
1995-09-18,0.39400000000000000000
1995-09-25,0.38200000000000000000
1995-10-02,0.36200000000000000000
1995-10-09,0.34250000000000000000
1995-10-16,0.32400000000000000000
1995-10-23,0.31600000000000000000
1995-10-30,0.39600000000000000000
1995-11-06,0.44800000000000000000
1995-11-13,0.47000000000000000000
1995-11-20,0.47400000000000000000
1995-11-27,0.42250000000000000000
1995-12-04,0.40000000000000000000
1995-12-11,0.34200000000000000000
1995-12-18,0.37000000000000000000
1995-12-25,0.43750000000000000000
1996-01-01,0.42000000000000000000
1996-01-08,0.45600000000000000000
1996-01-15,0.56000000000000000000
1996-01-22,0.53400000000000000000
1996-01-29,0.57400000000000000000
1996-02-05,0.69800000000000000000
1996-02-12,0.76800000000000000000
1996-02-19,0.81750000000000000000
1996-02-26,0.82600000000000000000
1996-03-04,0.71800000000000000000
1996-03-11,0.66800000000000000000
1996-03-18,0.59800000000000000000
1996-03-25,0.57000000000000000000
1996-04-01,0.53200000000000000000
1996-04-08,0.50200000000000000000
1996-04-15,0.53800000000000000000
1996-04-22,0.56600000000000000000
1996-04-29,0.60200000000000000000
1996-05-06,0.67600000000000000000
1996-05-13,0.67400000000000000000
1996-05-20,0.62400000000000000000
1996-05-27,0.61750000000000000000
1996-06-03,0.60400000000000000000
1996-06-10,0.58000000000000000000
1996-06-17,0.64000000000000000000
1996-06-24,0.62600000000000000000
1996-07-01,0.61000000000000000000
1996-07-08,0.60000000000000000000
1996-07-15,0.59600000000000000000
1996-07-22,0.59600000000000000000
1996-07-29,0.59600000000000000000
1996-08-05,0.58800000000000000000
1996-08-12,0.58400000000000000000
1996-08-19,0.61200000000000000000
1996-08-26,0.62200000000000000000
1996-09-02,0.62000000000000000000
1996-09-09,0.58400000000000000000
1996-09-16,0.60800000000000000000
1996-09-23,0.58400000000000000000
1996-09-30,0.61600000000000000000
1996-10-07,0.62600000000000000000
1996-10-14,0.61250000000000000000
1996-10-21,0.62000000000000000000
1996-10-28,0.62800000000000000000
1996-11-04,0.60200000000000000000
1996-11-11,0.53000000000000000000
1996-11-18,0.49000000000000000000
1996-11-25,0.47600000000000000000
1996-12-02,0.47250000000000000000
1996-12-09,0.49400000000000000000
1996-12-16,0.55400000000000000000
1996-12-23,0.53200000000000000000
1996-12-30,0.50250000000000000000
1997-01-06,0.56500000000000000000
1997-01-13,0.57800000000000000000
1997-01-20,0.55750000000000000000
1997-01-27,0.55600000000000000000
1997-02-03,0.59200000000000000000
1997-02-10,0.56800000000000000000
1997-02-17,0.50500000000000000000
1997-02-24,0.50000000000000000000
1997-03-03,0.48600000000000000000
1997-03-10,0.47200000000000000000
1997-03-17,0.50000000000000000000
1997-03-24,0.47200000000000000000
1997-03-31,0.44000000000000000000
1997-04-07,0.46800000000000000000
1997-04-14,0.45600000000000000000
1997-04-21,0.41800000000000000000
1997-04-28,0.41000000000000000000
1997-05-05,0.41800000000000000000
1997-05-12,0.40400000000000000000
1997-05-19,0.42000000000000000000
1997-05-26,0.48000000000000000000
1997-06-02,0.45600000000000000000
1997-06-09,0.41200000000000000000
1997-06-16,0.39200000000000000000
1997-06-23,0.36600000000000000000
1997-06-30,0.42000000000000000000
1997-07-07,0.39000000000000000000
1997-07-14,0.34200000000000000000
1997-07-21,0.33000000000000000000
1997-07-28,0.28800000000000000000
1997-08-04,0.30400000000000000000
1997-08-11,0.32800000000000000000
1997-08-18,0.38800000000000000000
1997-08-25,0.37000000000000000000
1997-09-01,0.37250000000000000000
1997-09-08,0.36600000000000000000
1997-09-15,0.36600000000000000000
1997-09-22,0.29200000000000000000
1997-09-29,0.28400000000000000000
1997-10-06,0.29200000000000000000
1997-10-13,0.28500000000000000000
1997-10-20,0.25600000000000000000
1997-10-27,0.23800000000000000000
1997-11-03,0.22800000000000000000
1997-11-10,0.20200000000000000000
1997-11-17,0.16750000000000000000
1997-11-24,0.13200000000000000000
1997-12-01,0.11000000000000000000
1997-12-08,0.10600000000000000000
1997-12-15,0.12800000000000000000
1997-12-22,0.07400000000000000000
1997-12-29,0.06500000000000000000
1998-01-05,0.07750000000000000000
1998-01-12,0.16600000000000000000
1998-01-19,0.17500000000000000000
1998-01-26,0.23800000000000000000
1998-02-02,0.22200000000000000000
1998-02-09,0.24200000000000000000
1998-02-16,0.15750000000000000000
1998-02-23,0.11800000000000000000
1998-03-02,0.09200000000000000000
1998-03-09,0.13400000000000000000
1998-03-16,0.08600000000000000000
1998-03-23,0.05600000000000000000
1998-03-30,0.06400000000000000000
1998-04-06,0.05800000000000000000
1998-04-13,0.08250000000000000000
1998-04-20,0.06000000000000000000
1998-04-27,0.07800000000000000000
1998-05-04,0.09200000000000000000
1998-05-11,0.10800000000000000000
1998-05-18,0.06000000000000000000
1998-05-25,0.03250000000000000000
1998-06-01,0.01200000000000000000
1998-06-08,0.01200000000000000000
1998-06-15,-0.02200000000000000000
1998-06-22,-0.04000000000000000000
1998-06-29,-0.04600000000000000000
1998-07-06,-0.03250000000000000000
1998-07-13,-0.00400000000000000000
1998-07-20,0.03200000000000000000
1998-07-27,-0.01600000000000000000
1998-08-03,0.01800000000000000000
1998-08-10,0.04400000000000000000
1998-08-17,0.06600000000000000000
1998-08-24,0.06800000000000000000
1998-08-31,0.13000000000000000000
1998-09-07,0.14000000000000000000
1998-09-14,0.16000000000000000000
1998-09-21,0.11000000000000000000
1998-09-28,0.15600000000000000000
1998-10-05,0.13600000000000000000
1998-10-12,0.35000000000000000000
1998-10-19,0.54000000000000000000
1998-10-26,0.50400000000000000000
1998-11-02,0.53400000000000000000
1998-11-09,0.38600000000000000000
1998-11-16,0.29500000000000000000
1998-11-23,0.21400000000000000000
1998-11-30,0.19250000000000000000
1998-12-07,0.19800000000000000000
1998-12-14,0.14600000000000000000
1998-12-21,0.14000000000000000000
1998-12-28,0.08000000000000000000
1999-01-04,0.10500000000000000000
1999-01-11,0.13200000000000000000
1999-01-18,0.13250000000000000000
1999-01-25,0.07800000000000000000
1999-02-01,0.08800000000000000000
1999-02-08,0.12000000000000000000
1999-02-15,0.13250000000000000000
1999-02-22,0.10800000000000000000
1999-03-01,0.15200000000000000000
1999-03-08,0.19000000000000000000
1999-03-15,0.16000000000000000000
1999-03-22,0.13000000000000000000
1999-03-29,0.20600000000000000000
1999-04-05,0.24800000000000000000
1999-04-12,0.17600000000000000000
1999-04-19,0.19400000000000000000
1999-04-26,0.20000000000000000000
1999-05-03,0.25600000000000000000
1999-05-10,0.33600000000000000000
1999-05-17,0.33600000000000000000
1999-05-24,0.24400000000000000000
1999-05-31,0.20500000000000000000
1999-06-07,0.25200000000000000000
1999-06-14,0.28400000000000000000
1999-06-21,0.30200000000000000000
1999-06-28,0.29200000000000000000
1999-07-05,0.26000000000000000000
1999-07-12,0.24400000000000000000
1999-07-19,0.19400000000000000000
1999-07-26,0.24000000000000000000
1999-08-02,0.27000000000000000000
1999-08-09,0.32400000000000000000
1999-08-16,0.29200000000000000000
1999-08-23,0.22600000000000000000
1999-08-30,0.20200000000000000000
1999-09-06,0.26000000000000000000
1999-09-13,0.25800000000000000000
1999-09-20,0.25400000000000000000
1999-09-27,0.23400000000000000000
1999-10-04,0.26400000000000000000
1999-10-11,0.23500000000000000000
1999-10-18,0.26200000000000000000
1999-10-25,0.25400000000000000000
1999-11-01,0.23600000000000000000
1999-11-08,0.21400000000000000000
1999-11-15,0.17250000000000000000
1999-11-22,0.14200000000000000000
1999-11-29,0.14250000000000000000
1999-12-06,0.17600000000000000000
1999-12-13,0.16200000000000000000
1999-12-20,0.15200000000000000000
1999-12-27,0.17000000000000000000
2000-01-03,0.20000000000000000000
2000-01-10,0.21000000000000000000
2000-01-17,0.23250000000000000000
2000-01-24,0.28400000000000000000
2000-01-31,0.16400000000000000000
2000-02-07,-0.04400000000000000000
2000-02-14,-0.06200000000000000000
2000-02-21,-0.11250000000000000000
2000-02-28,-0.14600000000000000000
2000-03-06,-0.12000000000000000000
2000-03-13,-0.13200000000000000000
2000-03-20,-0.25200000000000000000
2000-03-27,-0.41400000000000000000
2000-04-03,-0.44400000000000000000
2000-04-10,-0.47600000000000000000
2000-04-17,-0.42000000000000000000
2000-04-24,-0.34250000000000000000
2000-05-01,-0.39800000000000000000
2000-05-08,-0.33400000000000000000
2000-05-15,-0.38000000000000000000
2000-05-22,-0.39400000000000000000
2000-05-29,-0.34500000000000000000
2000-06-05,-0.38200000000000000000
2000-06-12,-0.41000000000000000000
2000-06-19,-0.38800000000000000000
2000-06-26,-0.38400000000000000000
2000-07-03,-0.34200000000000000000
2000-07-10,-0.28500000000000000000
2000-07-17,-0.28200000000000000000
2000-07-24,-0.30200000000000000000
2000-07-31,-0.26600000000000000000
2000-08-07,-0.25200000000000000000
2000-08-14,-0.38600000000000000000
2000-08-21,-0.48200000000000000000
2000-08-28,-0.46600000000000000000
2000-09-04,-0.43500000000000000000
2000-09-11,-0.38000000000000000000
2000-09-18,-0.28000000000000000000
2000-09-25,-0.22600000000000000000
2000-10-02,-0.19200000000000000000
2000-10-09,-0.14250000000000000000
2000-10-16,-0.14600000000000000000
2000-10-23,-0.18800000000000000000
2000-10-30,-0.21800000000000000000
2000-11-06,-0.13400000000000000000
2000-11-13,-0.11800000000000000000
2000-11-20,-0.17800000000000000000
2000-11-27,-0.21750000000000000000
2000-12-04,-0.12600000000000000000
2000-12-11,-0.11800000000000000000
2000-12-18,-0.17600000000000000000
2000-12-25,-0.12750000000000000000
2001-01-01,-0.02250000000000000000
2001-01-08,0.26000000000000000000
2001-01-15,0.35000000000000000000
2001-01-22,0.40800000000000000000
2001-01-29,0.51400000000000000000
2001-02-05,0.53600000000000000000
2001-02-12,0.40200000000000000000
2001-02-19,0.31750000000000000000
2001-02-26,0.50400000000000000000
2001-03-05,0.49000000000000000000
2001-03-12,0.47800000000000000000
2001-03-19,0.52400000000000000000
2001-03-26,0.56000000000000000000
2001-04-02,0.69600000000000000000
2001-04-09,0.81000000000000000000
2001-04-16,0.82000000000000000000
2001-04-23,0.94800000000000000000
2001-04-30,1.06200000000000000000
2001-05-07,1.05400000000000000000
2001-05-14,1.14600000000000000000
2001-05-21,1.13200000000000000000
2001-05-28,1.15250000000000000000
2001-06-04,1.19000000000000000000
2001-06-11,1.18600000000000000000
2001-06-18,1.2300000000000000
2001-06-25,1.2340000000000000
2001-07-02,1.17400000000000000000
2001-07-09,1.21000000000000000000
2001-07-16,1.19400000000000000000
2001-07-23,1.15200000000000000000
2001-07-30,1.2280000000000000
2001-08-06,1.2880000000000000
2001-08-13,1.2640000000000000
2001-08-20,1.19400000000000000000
2001-08-27,1.16600000000000000000
2001-09-03,1.16000000000000000000
2001-09-10,1.2260000000000000
2001-09-17,1.6733333333333333
2001-09-24,1.8120000000000000
2001-10-01,1.7880000000000000
2001-10-08,1.7700000000000000
2001-10-15,1.8460000000000000
2001-10-22,1.8240000000000000
2001-10-29,1.9040000000000000
2001-11-05,1.8620000000000000
2001-11-12,1.9050000000000000
2001-11-19,1.8440000000000000
2001-11-26,1.8650000000000000
2001-12-03,1.9040000000000000
2001-12-10,1.9340000000000000
2001-12-17,2.0560000000000000
2001-12-24,1.9680000000000000
2001-12-31,1.9725000000000000
2002-01-07,1.9875000000000000
2002-01-14,2.0880000000000000
2002-01-21,2.0450000000000000
2002-01-28,1.9500000000000000
2002-02-04,1.9460000000000000
2002-02-11,1.9440000000000000
2002-02-18,1.9050000000000000
2002-02-25,1.8760000000000000
2002-03-04,1.8000000000000000
2002-03-11,1.7800000000000000
2002-03-18,1.7380000000000000
2002-03-25,1.6600000000000000
2002-04-01,1.6900000000000000
2002-04-08,1.7320000000000000
2002-04-15,1.7580000000000000
2002-04-22,1.8240000000000000
2002-04-29,1.8400000000000000
2002-05-06,1.8880000000000000
2002-05-13,1.9420000000000000
2002-05-20,1.8980000000000000
2002-05-27,1.8900000000000000
2002-06-03,1.8700000000000000
2002-06-10,1.9200000000000000
2002-06-17,1.9280000000000000
2002-06-24,1.9340000000000000
2002-07-01,1.9720000000000000
2002-07-08,1.9975000000000000
2002-07-15,2.0640000000000000
2002-07-22,2.1040000000000000
2002-07-29,2.1660000000000000
2002-08-05,2.3020000000000000
2002-08-12,2.2540000000000000
2002-08-19,2.0180000000000000
2002-08-26,2.0600000000000000
2002-09-02,2.0100000000000000
2002-09-09,1.9520000000000000
2002-09-16,1.8620000000000000
2002-09-23,1.8220000000000000
2002-09-30,1.8260000000000000
2002-10-07,1.9220000000000000
2002-10-14,1.9125000000000000
2002-10-21,2.0300000000000000
2002-10-28,2.1100000000000000
2002-11-04,2.2420000000000000
2002-11-11,2.1250000000000000
2002-11-18,2.1040000000000000
2002-11-25,2.0900000000000000
2002-12-02,2.1325000000000000
2002-12-09,2.1720000000000000
2002-12-16,2.1780000000000000
2002-12-23,2.2220000000000000
2002-12-30,2.2225000000000000
2003-01-06,2.2500000000000000
2003-01-13,2.3180000000000000
2003-01-20,2.3475000000000000
2003-01-27,2.2960000000000000
2003-02-03,2.2920000000000000
2003-02-10,2.3000000000000000
2003-02-17,2.3225000000000000
2003-02-24,2.2680000000000000
2003-03-03,2.1920000000000000
2003-03-10,2.2020000000000000
2003-03-17,2.1740000000000000
2003-03-24,2.2580000000000000
2003-03-31,2.3140000000000000
2003-04-07,2.3700000000000000
2003-04-14,2.3480000000000000
2003-04-21,2.2850000000000000
2003-04-28,2.3220000000000000
2003-05-05,2.3700000000000000
2003-05-12,2.2580000000000000
2003-05-19,2.1080000000000000
2003-05-26,2.0050000000000000
2003-06-02,2.0700000000000000
2003-06-09,2.1060000000000000
2003-06-16,2.0400000000000000
2003-06-23,2.1260000000000000
2003-06-30,2.1580000000000000
2003-07-07,2.3125000000000000
2003-07-14,2.3700000000000000
2003-07-21,2.5100000000000000
2003-07-28,2.6480000000000000
2003-08-04,2.6740000000000000
2003-08-11,2.5620000000000000
2003-08-18,2.6780000000000000
2003-08-25,2.5500000000000000
2003-09-01,2.5050000000000000
2003-09-08,2.6100000000000000
2003-09-15,2.6400000000000000
2003-09-22,2.5540000000000000
2003-09-29,2.4900000000000000
2003-10-06,2.5260000000000000
2003-10-13,2.6225000000000000
2003-10-20,2.5660000000000000
2003-10-27,2.4860000000000000
2003-11-03,2.5040000000000000
2003-11-10,2.4440000000000000
2003-11-17,2.3825000000000000
2003-11-24,2.3220000000000000
2003-12-01,2.2850000000000000
2003-12-08,2.3300000000000000
2003-12-15,2.3940000000000000
2003-12-22,2.3500000000000000
2003-12-29,2.3550000000000000
2004-01-05,2.4400000000000000
2004-01-12,2.4320000000000000
2004-01-19,2.3600000000000000
2004-01-26,2.3740000000000000
2004-02-02,2.3540000000000000
2004-02-09,2.3460000000000000
2004-02-16,2.3325000000000000
2004-02-23,2.3480000000000000
2004-03-01,2.3440000000000000
2004-03-08,2.2980000000000000
2004-03-15,2.2200000000000000
2004-03-22,2.2080000000000000
2004-03-29,2.2440000000000000
2004-04-05,2.2840000000000000
2004-04-12,2.3300000000000000
2004-04-19,2.3180000000000000
2004-04-26,2.2340000000000000
2004-05-03,2.2080000000000000
2004-05-10,2.2200000000000000
2004-05-17,2.1920000000000000
2004-05-24,2.1660000000000000
2004-05-31,2.1400000000000000
2004-06-07,2.0940000000000000
2004-06-14,2.0000000000000000
2004-06-21,1.9060000000000000
2004-06-28,1.9180000000000000
2004-07-05,1.9150000000000000
2004-07-12,1.9360000000000000
2004-07-19,1.8640000000000000
2004-07-26,1.7760000000000000
2004-08-02,1.8240000000000000
2004-08-09,1.8080000000000000
2004-08-16,1.7560000000000000
2004-08-23,1.7820000000000000
2004-08-30,1.7480000000000000
2004-09-06,1.7175000000000000
2004-09-13,1.6860000000000000
2004-09-20,1.6420000000000000
2004-09-27,1.4700000000000000
2004-10-04,1.5180000000000000
2004-10-11,1.5350000000000000
2004-10-18,1.5460000000000000
2004-10-25,1.4640000000000000
2004-11-01,1.4880000000000000
2004-11-08,1.4580000000000000
2004-11-15,1.3750000000000000
2004-11-22,1.2660000000000000
2004-11-29,1.22000000000000000000
2004-12-06,1.3420000000000000
2004-12-13,1.2320000000000000
2004-12-20,1.15600000000000000000
2004-12-27,1.18500000000000000000
2005-01-03,1.18000000000000000000
2005-01-10,1.08400000000000000000
2005-01-17,1.00750000000000000000
2005-01-24,0.95800000000000000000
2005-01-31,0.92200000000000000000
2005-02-07,0.81800000000000000000
2005-02-14,0.74400000000000000000
2005-02-21,0.77750000000000000000
2005-02-28,0.78200000000000000000
2005-03-07,0.77000000000000000000
2005-03-14,0.80400000000000000000
2005-03-21,0.79200000000000000000
2005-03-28,0.75000000000000000000
2005-04-04,0.71400000000000000000
2005-04-11,0.73400000000000000000
2005-04-18,0.72200000000000000000
2005-04-25,0.66800000000000000000
2005-05-02,0.58800000000000000000
2005-05-09,0.55800000000000000000
2005-05-16,0.52400000000000000000
2005-05-23,0.47000000000000000000
2005-05-30,0.44500000000000000000
2005-06-06,0.39200000000000000000
2005-06-13,0.35200000000000000000
2005-06-20,0.39400000000000000000
2005-06-27,0.32800000000000000000
2005-07-04,0.31000000000000000000
2005-07-11,0.32000000000000000000
2005-07-18,0.32800000000000000000
2005-07-25,0.30400000000000000000
2005-08-01,0.27000000000000000000
2005-08-08,0.27800000000000000000
2005-08-15,0.23000000000000000000
2005-08-22,0.19600000000000000000
2005-08-29,0.17000000000000000000
2005-09-05,0.23750000000000000000
2005-09-12,0.27400000000000000000
2005-09-19,0.29200000000000000000
2005-09-26,0.23800000000000000000
2005-10-03,0.17800000000000000000
2005-10-10,0.16250000000000000000
2005-10-17,0.20800000000000000000
2005-10-24,0.20000000000000000000
2005-10-31,0.19600000000000000000
2005-11-07,0.17800000000000000000
2005-11-14,0.12750000000000000000
2005-11-21,0.08400000000000000000
2005-11-28,0.10000000000000000000
2005-12-05,0.08200000000000000000
2005-12-12,0.09800000000000000000
2005-12-19,0.08800000000000000000
2005-12-26,0.04000000000000000000
2006-01-02,-0.00750000000000000000
2006-01-09,0.03200000000000000000
2006-01-16,0.02250000000000000000
2006-01-23,0.00800000000000000000
2006-01-30,0.02600000000000000000
2006-02-06,-0.03400000000000000000
2006-02-13,-0.08800000000000000000
2006-02-20,-0.09750000000000000000
2006-02-27,-0.15200000000000000000
2006-03-06,-0.09000000000000000000
2006-03-13,0.01000000000000000000
2006-03-20,0.03200000000000000000
2006-03-27,-0.03200000000000000000
2006-04-03,0.01000000000000000000
2006-04-10,0.05600000000000000000
2006-04-17,0.07750000000000000000
2006-04-24,0.13800000000000000000
2006-05-01,0.16600000000000000000
2006-05-08,0.18600000000000000000
2006-05-15,0.15400000000000000000
2006-05-22,0.13200000000000000000
2006-05-29,0.09500000000000000000
2006-06-05,0.07200000000000000000
2006-06-12,-0.01000000000000000000
2006-06-19,-0.04600000000000000000
2006-06-26,-0.03400000000000000000
2006-07-03,-0.01800000000000000000
2006-07-10,-0.02750000000000000000
2006-07-17,-0.04800000000000000000
2006-07-24,-0.04600000000000000000
2006-07-31,-0.00400000000000000000
2006-08-07,-0.00800000000000000000
2006-08-14,0.00600000000000000000
2006-08-21,-0.01800000000000000000
2006-08-28,-0.06400000000000000000
2006-09-04,-0.06000000000000000000
2006-09-11,-0.02200000000000000000
2006-09-18,-0.05000000000000000000
2006-09-25,-0.06600000000000000000
2006-10-02,-0.06200000000000000000
2006-10-09,-0.04000000000000000000
2006-10-16,-0.06400000000000000000
2006-10-23,-0.06800000000000000000
2006-10-30,-0.08800000000000000000
2006-11-06,-0.09400000000000000000
2006-11-13,-0.12800000000000000000
2006-11-20,-0.17200000000000000000
2006-11-27,-0.17250000000000000000
2006-12-04,-0.13400000000000000000
2006-12-11,-0.10800000000000000000
2006-12-18,-0.12200000000000000000
2006-12-25,-0.10250000000000000000
2007-01-01,-0.11000000000000000000
2007-01-08,-0.10600000000000000000
2007-01-15,-0.12000000000000000000
2007-01-22,-0.13400000000000000000
2007-01-29,-0.11200000000000000000
2007-02-05,-0.11000000000000000000
2007-02-12,-0.13400000000000000000
2007-02-19,-0.13250000000000000000
2007-02-26,-0.13600000000000000000
2007-03-05,-0.06200000000000000000
2007-03-12,-0.05400000000000000000
2007-03-19,-0.02400000000000000000
2007-03-26,0.01200000000000000000
2007-04-02,0.06200000000000000000
2007-04-09,0.03400000000000000000
2007-04-16,0.00800000000000000000
2007-04-23,0.03000000000000000000
2007-04-30,0.03400000000000000000
2007-05-07,-0.01800000000000000000
2007-05-14,-0.04800000000000000000
2007-05-21,-0.02200000000000000000
2007-05-28,0.00750000000000000000
2007-06-04,-0.01800000000000000000
2007-06-11,0.06200000000000000000
2007-06-18,0.13600000000000000000
2007-06-25,0.18800000000000000000
2007-07-02,0.16800000000000000000
2007-07-09,0.18000000000000000000
2007-07-16,0.18000000000000000000
2007-07-23,0.17200000000000000000
2007-07-30,0.21000000000000000000
2007-08-06,0.22200000000000000000
2007-08-13,0.27400000000000000000
2007-08-20,0.46200000000000000000
2007-08-27,0.42000000000000000000
2007-09-03,0.41250000000000000000
2007-09-10,0.45200000000000000000
2007-09-17,0.42200000000000000000
2007-09-24,0.55600000000000000000
2007-10-01,0.61600000000000000000
2007-10-08,0.55000000000000000000
2007-10-15,0.49800000000000000000
2007-10-22,0.57600000000000000000
2007-10-29,0.61800000000000000000
2007-11-05,0.60400000000000000000
2007-11-12,0.75750000000000000000
2007-11-19,0.79200000000000000000
2007-11-26,0.94500000000000000000
2007-12-03,0.91200000000000000000
2007-12-10,0.99600000000000000000
2007-12-17,0.97600000000000000000
2007-12-24,0.96400000000000000000
2007-12-31,0.98500000000000000000
2008-01-07,1.08750000000000000000
2008-01-14,1.17800000000000000000
2008-01-21,1.23500000000000000000
2008-01-28,1.4160000000000000
2008-02-04,1.5020000000000000
2008-02-11,1.6960000000000000
2008-02-18,1.8200000000000000
2008-02-25,1.8000000000000000
2008-03-03,1.8660000000000000
2008-03-10,2.0260000000000000
2008-03-17,1.9220000000000000
2008-03-24,1.8025000000000000
2008-03-31,1.7960000000000000
2008-04-07,1.6960000000000000
2008-04-14,1.7240000000000000
2008-04-21,1.6500000000000000
2008-04-28,1.4960000000000000
2008-05-05,1.4540000000000000
2008-05-12,1.5300000000000000
2008-05-19,1.3980000000000000
2008-05-26,1.3975000000000000
2008-06-02,1.4140000000000000
2008-06-09,1.4700000000000000
2008-06-16,1.2240000000000000
2008-06-23,1.2560000000000000
2008-06-30,1.3240000000000000
2008-07-07,1.4250000000000000
2008-07-14,1.4140000000000000
2008-07-21,1.4760000000000000
2008-07-28,1.4140000000000000
2008-08-04,1.4500000000000000
2008-08-11,1.4700000000000000
2008-08-18,1.4500000000000000
2008-08-25,1.4940000000000000
2008-09-01,1.4475000000000000
2008-09-08,1.4320000000000000
2008-09-15,1.4960000000000000
2008-09-22,1.6880000000000000
2008-09-29,1.7760000000000000
2008-10-06,1.9840000000000000
2008-10-13,2.1400000000000000
2008-10-20,2.3160000000000000
2008-10-27,2.1560000000000000
2008-11-03,2.3920000000000000
2008-11-10,2.4620000000000000
2008-11-17,2.5300000000000000
2008-11-24,2.1840000000000000
2008-12-01,1.9025000000000000
2008-12-08,1.7700000000000000
2008-12-15,1.8220000000000000
2008-12-22,1.4540000000000000
2008-12-29,1.3000000000000000
2009-01-05,1.5350000000000000
2009-01-12,1.6660000000000000
2009-01-19,1.5525000000000000
2009-01-26,1.7980000000000000
2009-02-02,1.8520000000000000
2009-02-09,1.9900000000000000
2009-02-16,1.9025000000000000
2009-02-23,1.8040000000000000
2009-03-02,1.9140000000000000
2009-03-09,1.9680000000000000
2009-03-16,1.9280000000000000
2009-03-23,1.7820000000000000
2009-03-30,1.8460000000000000
2009-04-06,1.9200000000000000
2009-04-13,1.9850000000000000
2009-04-20,1.9580000000000000
2009-04-27,2.0080000000000000
2009-05-04,2.2140000000000000
2009-05-11,2.2540000000000000
2009-05-18,2.2540000000000000
2009-05-25,2.4125000000000000
2009-06-01,2.6560000000000000
2009-06-08,2.6220000000000000
2009-06-15,2.5340000000000000
2009-06-22,2.5200000000000000
2009-06-29,2.4580000000000000
2009-07-06,2.5025000000000000
2009-07-13,2.4560000000000000
2009-07-20,2.5980000000000000
2009-07-27,2.6200000000000000
2009-08-03,2.4940000000000000
2009-08-10,2.5540000000000000
2009-08-17,2.4860000000000000
2009-08-24,2.4280000000000000
2009-08-31,2.4180000000000000
2009-09-07,2.4475000000000000
2009-09-14,2.4940000000000000
2009-09-21,2.4700000000000000
2009-09-28,2.4160000000000000
2009-10-05,2.3460000000000000
2009-10-12,2.3725000000000000
2009-10-19,2.4640000000000000
2009-10-26,2.4580000000000000
2009-11-02,2.5160000000000000
2009-11-09,2.6480000000000000
2009-11-16,2.6100000000000000
2009-11-23,2.5940000000000000
2009-11-30,2.5525000000000000
2009-12-07,2.6320000000000000
2009-12-14,2.6960000000000000
2009-12-21,2.7480000000000000
2009-12-28,2.8000000000000000
2010-01-04,2.7300000000000000
2010-01-11,2.8380000000000000
2010-01-18,2.8200000000000000
2010-01-25,2.7780000000000000
2010-02-01,2.7960000000000000
2010-02-08,2.8260000000000000
2010-02-15,2.8275000000000000
2010-02-22,2.8640000000000000
2010-03-01,2.8160000000000000
2010-03-08,2.7960000000000000
2010-03-15,2.7760000000000000
2010-03-22,2.6940000000000000
2010-03-29,2.7800000000000000
2010-04-05,2.8320000000000000
2010-04-12,2.8220000000000000
2010-04-19,2.8060000000000000
2010-04-26,2.7440000000000000
2010-05-03,2.7280000000000000
2010-05-10,2.6700000000000000
2010-05-17,2.6740000000000000
2010-05-24,2.5140000000000000
2010-05-31,2.4450000000000000
2010-06-07,2.5040000000000000
2010-06-14,2.4880000000000000
2010-06-21,2.5120000000000000
2010-06-28,2.4620000000000000
2010-07-05,2.3550000000000000
2010-07-12,2.3960000000000000
2010-07-19,2.4100000000000000
2010-07-26,2.3760000000000000
2010-08-02,2.4220000000000000
2010-08-09,2.3840000000000000
2010-08-16,2.1700000000000000
2010-08-23,2.1160000000000000
2010-08-30,2.0280000000000000
2010-09-06,2.1025000000000000
2010-09-13,2.1800000000000000
2010-09-20,2.2460000000000000
2010-09-27,2.1360000000000000
2010-10-04,2.1020000000000000
2010-10-11,2.0575000000000000
2010-10-18,2.1320000000000000
2010-10-25,2.1900000000000000
2010-11-01,2.3100000000000000
2010-11-08,2.2420000000000000
2010-11-15,2.2775000000000000
2010-11-22,2.3560000000000000
2010-11-29,2.3500000000000000
2010-12-06,2.4660000000000000
2010-12-13,2.6380000000000000
2010-12-20,2.7900000000000000
2010-12-27,2.7050000000000000
2011-01-03,2.7240000000000000
2011-01-10,2.7500000000000000
2011-01-17,2.7675000000000000
2011-01-24,2.7940000000000000
2011-01-31,2.8100000000000000
2011-02-07,2.8800000000000000
2011-02-14,2.8240000000000000
2011-02-21,2.7800000000000000
2011-02-28,2.7260000000000000
2011-03-07,2.7860000000000000
2011-03-14,2.7680000000000000
2011-03-21,2.6660000000000000
2011-03-28,2.6720000000000000
2011-04-04,2.6740000000000000
2011-04-11,2.7280000000000000
2011-04-18,2.7320000000000000
2011-04-25,2.7275000000000000
2011-05-02,2.7120000000000000
2011-05-09,2.6280000000000000
2011-05-16,2.6280000000000000
2011-05-23,2.5940000000000000
2011-05-30,2.5825000000000000
2011-06-06,2.5720000000000000
2011-06-13,2.5940000000000000
2011-06-20,2.5920000000000000
2011-06-27,2.5720000000000000
2011-07-04,2.6725000000000000
2011-07-11,2.6580000000000000
2011-07-18,2.5680000000000000
2011-07-25,2.5820000000000000
2011-08-01,2.5120000000000000
2011-08-08,2.2540000000000000
2011-08-15,2.0560000000000000
2011-08-22,1.9280000000000000
2011-08-29,2.0140000000000000
2011-09-05,1.9500000000000000
2011-09-12,1.7820000000000000
2011-09-19,1.8440000000000000
2011-09-26,1.6460000000000000
2011-10-03,1.6920000000000000
2011-10-10,1.6875000000000000
2011-10-17,1.9180000000000000
2011-10-24,1.9220000000000000
2011-10-31,1.9840000000000000
2011-11-07,1.8120000000000000
2011-11-14,1.8025000000000000
2011-11-21,1.7320000000000000
2011-11-28,1.6775000000000000
2011-12-05,1.7940000000000000
2011-12-12,1.8040000000000000
2011-12-19,1.6500000000000000
2011-12-26,1.7050000000000000
2012-01-02,1.6600000000000000
2012-01-09,1.7300000000000000
2012-01-16,1.7050000000000000
2012-01-23,1.7420000000000000
2012-01-30,1.7460000000000000
2012-02-06,1.6620000000000000
2012-02-13,1.7300000000000000
2012-02-20,1.6725000000000000
2012-02-27,1.6860000000000000
2012-03-05,1.6900000000000000
2012-03-12,1.6940000000000000
2012-03-19,1.9080000000000000
2012-03-26,1.9180000000000000
2012-04-02,1.8760000000000000
2012-04-09,1.8340000000000000
2012-04-16,1.7500000000000000
2012-04-23,1.7180000000000000
2012-04-30,1.7160000000000000
2012-05-07,1.6740000000000000
2012-05-14,1.5780000000000000
2012-05-21,1.4300000000000000
2012-05-28,1.4675000000000000
2012-06-04,1.3240000000000000
2012-06-11,1.3620000000000000
2012-06-18,1.3260000000000000
2012-06-25,1.3360000000000000
2012-07-02,1.3260000000000000
2012-07-09,1.3125000000000000
2012-07-16,1.2620000000000000
2012-07-23,1.2840000000000000
2012-07-30,1.2560000000000000
2012-08-06,1.3160000000000000
2012-08-13,1.3880000000000000
2012-08-20,1.5160000000000000
2012-08-27,1.4260000000000000
2012-09-03,1.3675000000000000
2012-09-10,1.3940000000000000
2012-09-17,1.5380000000000000
2012-09-24,1.5180000000000000
2012-10-01,1.4060000000000000
2012-10-08,1.4425000000000000
2012-10-15,1.4420000000000000
2012-10-22,1.5160000000000000
2012-10-29,1.4960000000000000
2012-11-05,1.4450000000000000
2012-11-12,1.3950000000000000
2012-11-19,1.3400000000000000
2012-11-26,1.4025000000000000
2012-12-03,1.3700000000000000
2012-12-10,1.3680000000000000
2012-12-17,1.4740000000000000
2012-12-24,1.5340000000000000
2012-12-31,1.4950000000000000
2013-01-07,1.6375000000000000
2013-01-14,1.6380000000000000
2013-01-21,1.6000000000000000
2013-01-28,1.6520000000000000
2013-02-04,1.7520000000000000
2013-02-11,1.7400000000000000
2013-02-18,1.7350000000000000
2013-02-25,1.7100000000000000
2013-03-04,1.6320000000000000
2013-03-11,1.7380000000000000
2013-03-18,1.7520000000000000
2013-03-25,1.6840000000000000
2013-04-01,1.6350000000000000
2013-04-08,1.5560000000000000
2013-04-15,1.5500000000000000
2013-04-22,1.4900000000000000
2013-04-29,1.5000000000000000
2013-05-06,1.5080000000000000
2013-05-13,1.6200000000000000
2013-05-20,1.6840000000000000
2013-05-27,1.7400000000000000
2013-06-03,1.8400000000000000
2013-06-10,1.8300000000000000
2013-06-17,1.8820000000000000
2013-06-24,2.0640000000000000
2013-07-01,2.1560000000000000
2013-07-08,2.2275000000000000
2013-07-15,2.2660000000000000
2013-07-22,2.2020000000000000
2013-07-29,2.2620000000000000
2013-08-05,2.3320000000000000
2013-08-12,2.2920000000000000
2013-08-19,2.4300000000000000
2013-08-26,2.4460000000000000
2013-09-02,2.3675000000000000
2013-09-09,2.4520000000000000
2013-09-16,2.4620000000000000
2013-09-23,2.4040000000000000
2013-09-30,2.3040000000000000
2013-10-07,2.3100000000000000
2013-10-14,2.3200000000000000
2013-10-21,2.3160000000000000
2013-10-28,2.2120000000000000
2013-11-04,2.2660000000000000
2013-11-11,2.3825000000000000
2013-11-18,2.4100000000000000
2013-11-25,2.4640000000000000
2013-12-02,2.4650000000000000
2013-12-09,2.5540000000000000
2013-12-16,2.5400000000000000
2013-12-23,2.5500000000000000
2013-12-30,2.6025000000000000
2014-01-06,2.6125000000000000
2014-01-13,2.5220000000000000
2014-01-20,2.4675000000000000
2014-01-27,2.4140000000000000
2014-02-03,2.3440000000000000
2014-02-10,2.3800000000000000
2014-02-17,2.4225000000000000
2014-02-24,2.4040000000000000
2014-03-03,2.3260000000000000
2014-03-10,2.3900000000000000
2014-03-17,2.3380000000000000
2014-03-24,2.3080000000000000
2014-03-31,2.2700000000000000
2014-04-07,2.3260000000000000
2014-04-14,2.2900000000000000
2014-04-21,2.2800000000000000
2014-04-28,2.2660000000000000
2014-05-05,2.2240000000000000
2014-05-12,2.2140000000000000
2014-05-19,2.1620000000000000
2014-05-26,2.1750000000000000
2014-06-02,2.1080000000000000
2014-06-09,2.1920000000000000
2014-06-16,2.1660000000000000
2014-06-23,2.1440000000000000
2014-06-30,2.0820000000000000
2014-07-07,2.1250000000000000
2014-07-14,2.0680000000000000
2014-07-21,2.0180000000000000
2014-07-28,1.9740000000000000
2014-08-04,2.0160000000000000
2014-08-11,1.9960000000000000
2014-08-18,1.9720000000000000
2014-08-25,1.9060000000000000
2014-09-01,1.8600000000000000
2014-09-08,1.9140000000000000
2014-09-15,1.9840000000000000
2014-09-22,2.0220000000000000
2014-09-29,1.9560000000000000
2014-10-06,1.9020000000000000
2014-10-13,1.8675000000000000
2014-10-20,1.8220000000000000
2014-10-27,1.8620000000000000
2014-11-03,1.8540000000000000
2014-11-10,1.8320000000000000
2014-11-17,1.8050000000000000
2014-11-24,1.7940000000000000
2014-12-01,1.7275000000000000
2014-12-08,1.6860000000000000
2014-12-15,1.5600000000000000
2014-12-22,1.5040000000000000
2014-12-29,1.5225000000000000
2015-01-05,1.4575000000000000
2015-01-12,1.3640000000000000
2015-01-19,1.3475000000000000
2015-01-26,1.3160000000000000
2015-02-02,1.2360000000000000
2015-02-09,1.2960000000000000
2015-02-16,1.3525000000000000
2015-02-23,1.4420000000000000
2015-03-02,1.3800000000000000
2015-03-09,1.4740000000000000
2015-03-16,1.4340000000000000
2015-03-23,1.3440000000000000
2015-03-30,1.3580000000000000
2015-04-06,1.3680000000000000
2015-04-13,1.3900000000000000
2015-04-20,1.3760000000000000
2015-04-27,1.3980000000000000
2015-05-04,1.4980000000000000
2015-05-11,1.5900000000000000
2015-05-18,1.6520000000000000
2015-05-25,1.6150000000000000
2015-06-01,1.5140000000000000
2015-06-08,1.6680000000000000
2015-06-15,1.6800000000000000
2015-06-22,1.6500000000000000
2015-06-29,1.7200000000000000
2015-07-06,1.7275000000000000
2015-07-13,1.7200000000000000
2015-07-20,1.6980000000000000
2015-07-27,1.5820000000000000
2015-08-03,1.5460000000000000
2015-08-10,1.5040000000000000
2015-08-17,1.4640000000000000
2015-08-24,1.4280000000000000
2015-08-31,1.4800000000000000
2015-09-07,1.4600000000000000
2015-09-14,1.4680000000000000
2015-09-21,1.4740000000000000
2015-09-28,1.4540000000000000
2015-10-05,1.4220000000000000
2015-10-12,1.4525000000000000
2015-10-19,1.4260000000000000
2015-10-26,1.4180000000000000
2015-11-02,1.4100000000000000
2015-11-09,1.4320000000000000
2015-11-16,1.4225000000000000
2015-11-23,1.3460000000000000
2015-11-30,1.2950000000000000
2015-12-07,1.2920000000000000
2015-12-14,1.2780000000000000
2015-12-21,1.2560000000000000
2015-12-28,1.23000000000000000000
2016-01-04,1.22250000000000000000
2016-01-11,1.2040000000000000
2016-01-18,1.18500000000000000000
2016-01-25,1.17200000000000000000
2016-02-01,1.17000000000000000000
2016-02-08,1.13200000000000000000
2016-02-15,1.01750000000000000000
2016-02-22,1.02800000000000000000
2016-02-29,0.97800000000000000000
2016-03-07,0.99000000000000000000
2016-03-14,0.99200000000000000000
2016-03-21,1.03800000000000000000
2016-03-28,1.01500000000000000000
2016-04-04,1.04200000000000000000
2016-04-11,1.01800000000000000000
2016-04-18,1.03000000000000000000
2016-04-25,1.04800000000000000000
2016-05-02,1.06400000000000000000
2016-05-09,1.04800000000000000000
2016-05-16,0.98800000000000000000
2016-05-23,0.95200000000000000000
2016-05-30,0.95000000000000000000
2016-06-06,0.93800000000000000000
2016-06-13,0.91600000000000000000
2016-06-20,0.90200000000000000000
2016-06-27,0.92600000000000000000
2016-07-04,0.87750000000000000000
2016-07-11,0.79200000000000000000
2016-07-18,0.85800000000000000000
2016-07-25,0.86200000000000000000
2016-08-01,0.80800000000000000000
2016-08-08,0.87000000000000000000
2016-08-15,0.81800000000000000000
2016-08-22,0.81200000000000000000
2016-08-29,0.79000000000000000000
2016-09-05,0.78500000000000000000
2016-09-12,0.84200000000000000000
2016-09-19,0.93400000000000000000
2016-09-26,0.85800000000000000000
2016-10-03,0.82400000000000000000
2016-10-10,0.88250000000000000000
2016-10-17,0.92800000000000000000
2016-10-24,0.92600000000000000000
2016-10-31,0.96000000000000000000
2016-11-07,1.00200000000000000000
2016-11-14,1.16000000000000000000
2016-11-21,1.2400000000000000
2016-11-28,1.23250000000000000000
2016-12-05,1.2660000000000000
2016-12-12,1.2900000000000000
2016-12-19,1.3020000000000000
2016-12-26,1.3300000000000000
2017-01-02,1.2650000000000000
2017-01-09,1.2040000000000000
2017-01-16,1.18500000000000000000
2017-01-23,1.2200000000000000
2017-01-30,1.2800000000000000
2017-02-06,1.2660000000000000
2017-02-13,1.2140000000000000
2017-02-20,1.22500000000000000000
2017-02-27,1.19200000000000000000
2017-03-06,1.16600000000000000000
2017-03-13,1.2160000000000000
2017-03-20,1.18000000000000000000
2017-03-27,1.13800000000000000000
2017-04-03,1.12600000000000000000
2017-04-10,1.09600000000000000000
2017-04-17,1.05000000000000000000
2017-04-24,1.02400000000000000000
2017-05-01,1.04200000000000000000
2017-05-08,1.03800000000000000000
2017-05-15,1.04400000000000000000
2017-05-22,0.97400000000000000000
2017-05-29,0.96250000000000000000
2017-06-05,0.90400000000000000000
2017-06-12,0.85600000000000000000
2017-06-19,0.82200000000000000000
2017-06-26,0.80000000000000000000
2017-07-03,0.89400000000000000000
2017-07-10,0.96500000000000000000
2017-07-17,0.97800000000000000000
2017-07-24,0.89600000000000000000
2017-07-31,0.94800000000000000000
2017-08-07,0.90800000000000000000
2017-08-14,0.89800000000000000000
2017-08-21,0.88200000000000000000
2017-08-28,0.85000000000000000000
2017-09-04,0.80500000000000000000
2017-09-11,0.79200000000000000000
2017-09-18,0.83200000000000000000
2017-09-25,0.81400000000000000000
2017-10-02,0.84000000000000000000
2017-10-09,0.85250000000000000000
2017-10-16,0.80600000000000000000
2017-10-23,0.77000000000000000000
2017-10-30,0.82000000000000000000
2017-11-06,0.74000000000000000000
2017-11-13,0.69800000000000000000
2017-11-20,0.64400000000000000000
2017-11-27,0.58500000000000000000
2017-12-04,0.59600000000000000000
2017-12-11,0.56000000000000000000
2017-12-18,0.54600000000000000000
2017-12-25,0.59250000000000000000
2018-01-01,0.52750000000000000000
2018-01-08,0.51600000000000000000
2018-01-15,0.56500000000000000000
2018-01-22,0.55200000000000000000
2018-01-29,0.56200000000000000000
2018-02-05,0.63600000000000000000
2018-02-12,0.73000000000000000000
2018-02-19,0.71000000000000000000
2018-02-26,0.65000000000000000000
2018-03-05,0.61800000000000000000
2018-03-12,0.62200000000000000000
2018-03-19,0.54800000000000000000
2018-03-26,0.54600000000000000000
2018-04-02,0.49000000000000000000
2018-04-09,0.50800000000000000000
2018-04-16,0.46600000000000000000
2018-04-23,0.46600000000000000000
2018-04-30,0.50000000000000000000
2018-05-07,0.46000000000000000000
2018-05-14,0.44600000000000000000
2018-05-21,0.50800000000000000000
2018-05-28,0.47000000000000000000
2018-06-04,0.42800000000000000000
2018-06-11,0.43600000000000000000
2018-06-18,0.38000000000000000000
2018-06-25,0.34600000000000000000
2018-07-02,0.32200000000000000000
2018-07-09,0.29250000000000000000
2018-07-16,0.26000000000000000000
2018-07-23,0.27400000000000000000
2018-07-30,0.30000000000000000000
2018-08-06,0.31200000000000000000
2018-08-13,0.28000000000000000000
2018-08-20,0.24600000000000000000
2018-08-27,0.20800000000000000000
2018-09-03,0.22250000000000000000
2018-09-10,0.23200000000000000000
2018-09-17,0.21600000000000000000
2018-09-24,0.25600000000000000000
2018-10-01,0.24800000000000000000
2018-10-08,0.30000000000000000000
2018-10-15,0.31400000000000000000
2018-10-22,0.29000000000000000000
2018-10-29,0.27200000000000000000
2018-11-05,0.29200000000000000000
2018-11-12,0.26500000000000000000
2018-11-19,0.26000000000000000000
2018-11-26,0.24750000000000000000
2018-12-03,0.21200000000000000000
2018-12-10,0.12250000000000000000
2018-12-17,0.14600000000000000000
2018-12-24,0.15600000000000000000
2018-12-31,0.20500000000000000000
2019-01-07,0.16750000000000000000
2019-01-14,0.17000000000000000000
2019-01-21,0.18250000000000000000
2019-01-28,0.16200000000000000000
2019-02-04,0.18000000000000000000
2019-02-11,0.17600000000000000000
2019-02-18,0.16500000000000000000
2019-02-25,0.15800000000000000000
2019-03-04,0.18800000000000000000
2019-03-11,0.17000000000000000000
2019-03-18,0.16000000000000000000
2019-03-25,0.14400000000000000000
2019-04-01,0.16000000000000000000
2019-04-08,0.17200000000000000000
2019-04-15,0.16000000000000000000
2019-04-22,0.19500000000000000000
2019-04-29,0.22000000000000000000
2019-05-06,0.21200000000000000000
2019-05-13,0.19600000000000000000
2019-05-20,0.20400000000000000000
2019-05-27,0.17000000000000000000
2019-06-03,0.18000000000000000000
2019-06-10,0.25200000000000000000
2019-06-17,0.24400000000000000000
2019-06-24,0.27600000000000000000
2019-07-01,0.26800000000000000000
2019-07-08,0.18500000000000000000
2019-07-15,0.24400000000000000000
2019-07-22,0.25200000000000000000
2019-07-29,0.22400000000000000000
2019-08-05,0.16200000000000000000
2019-08-12,0.10600000000000000000
2019-08-19,0.04200000000000000000
2019-08-26,0.02000000000000000000
2019-09-02,-0.02500000000000000000
2019-09-09,0.02600000000000000000
2019-09-16,0.08000000000000000000
2019-09-23,0.05200000000000000000
2019-09-30,0.04800000000000000000
2019-10-07,0.11600000000000000000
2019-10-14,0.12750000000000000000
2019-10-21,0.17000000000000000000
2019-10-28,0.18800000000000000000
2019-11-04,0.18000000000000000000
2019-11-11,0.23250000000000000000
2019-11-18,0.23800000000000000000
2019-11-25,0.16800000000000000000
2019-12-02,0.17250000000000000000
2019-12-09,0.20600000000000000000
2019-12-16,0.21400000000000000000
2019-12-23,0.28600000000000000000
2019-12-30,0.28750000000000000000
2020-01-06,0.29500000000000000000
2020-01-13,0.27800000000000000000
2020-01-20,0.24000000000000000000
2020-01-27,0.22000000000000000000
2020-02-03,0.18000000000000000000
2020-02-10,0.20000000000000000000
2020-02-17,0.17500000000000000000
2020-02-24,0.13000000000000000000
2020-03-02,0.20400000000000000000
2020-03-09,0.28000000000000000000
2020-03-16,0.35600000000000000000
2020-03-23,0.58000000000000000000
2020-03-30,0.49400000000000000000
2020-04-06,0.41000000000000000000
2020-04-13,0.49500000000000000000
2020-04-20,0.45000000000000000000
2020-04-27,0.39800000000000000000
2020-05-04,0.43600000000000000000
2020-05-11,0.52200000000000000000
2020-05-18,0.50000000000000000000
2020-05-25,0.51250000000000000000
2020-06-01,0.50800000000000000000
2020-06-08,0.61400000000000000000
2020-06-15,0.54600000000000000000
2020-06-22,0.52800000000000000000
2020-06-29,0.50000000000000000000
2020-07-06,0.51750000000000000000
2020-07-13,0.48600000000000000000
2020-07-20,0.47800000000000000000
2020-07-27,0.45600000000000000000
2020-08-03,0.44800000000000000000
2020-08-10,0.43600000000000000000
2020-08-17,0.53600000000000000000
2020-08-24,0.51600000000000000000
2020-08-31,0.56600000000000000000
2020-09-07,0.53750000000000000000
2020-09-14,0.54800000000000000000
2020-09-21,0.55000000000000000000
2020-09-28,0.53800000000000000000
2020-10-05,0.57200000000000000000
2020-10-12,0.63750000000000000000
2020-10-19,0.60200000000000000000
2020-10-26,0.67800000000000000000
2020-11-02,0.68000000000000000000
2020-11-09,0.69600000000000000000
2020-11-16,0.73500000000000000000
2020-11-23,0.69200000000000000000
2020-11-30,0.69750000000000000000
2020-12-07,0.78200000000000000000
2020-12-14,0.78200000000000000000
2020-12-21,0.81000000000000000000
2020-12-28,0.81250000000000000000
2021-01-04,0.81250000000000000000
2021-01-11,0.93400000000000000000
2021-01-18,0.98500000000000000000
2021-01-25,0.96200000000000000000
2021-02-01,0.95800000000000000000
2021-02-08,1.05400000000000000000
2021-02-15,1.06250000000000000000
2021-02-22,1.2040000000000000
2021-03-01,1.3020000000000000
2021-03-08,1.3720000000000000
2021-03-15,1.4260000000000000
2021-03-22,1.5280000000000000
2021-03-29,1.5140000000000000
2021-04-05,1.5520000000000000
2021-04-12,1.5100000000000000
2021-04-19,1.4480000000000000
2021-04-26,1.4160000000000000
2021-05-03,1.4740000000000000
2021-05-10,1.4460000000000000
2021-05-17,1.4920000000000000
2021-05-24,1.4800000000000000
2021-05-31,1.4400000000000000
2021-06-07,1.4440000000000000
2021-06-14,1.3400000000000000
2021-06-21,1.2840000000000000
2021-06-28,1.2400000000000000
2021-07-05,1.21250000000000000000
2021-07-12,1.13200000000000000000
2021-07-19,1.08400000000000000000
2021-07-26,1.06600000000000000000
2021-08-02,1.05400000000000000000
2021-08-09,1.05200000000000000000
2021-08-16,1.09600000000000000000
2021-08-23,1.02800000000000000000
2021-08-30,1.08800000000000000000
2021-09-06,1.10500000000000000000
2021-09-13,1.12000000000000000000
2021-09-20,1.10000000000000000000
2021-09-27,1.13400000000000000000
2021-10-04,1.2300000000000000
2021-10-11,1.2600000000000000
2021-10-18,1.18400000000000000000
2021-10-25,1.2140000000000000
2021-11-01,1.08400000000000000000
2021-11-08,1.09400000000000000000
2021-11-15,1.06250000000000000000
2021-11-22,1.05200000000000000000
2021-11-29,1.01500000000000000000
2021-12-06,0.82400000000000000000
2021-12-13,0.79600000000000000000
2021-12-20,0.77600000000000000000
2021-12-27,0.76750000000000000000
2022-01-03,0.79600000000000000000
2022-01-10,0.87400000000000000000
2022-01-17,0.81250000000000000000
2022-01-24,0.77000000000000000000
2022-01-31,0.67000000000000000000
2022-02-07,0.62400000000000000000
2022-02-14,0.48600000000000000000
2022-02-21,0.47750000000000000000
2022-02-28,0.40400000000000000000
2022-03-07,0.31400000000000000000
2022-03-14,0.25400000000000000000
2022-03-21,0.23000000000000000000
2022-03-28,0.17800000000000000000
2022-04-04,0.01600000000000000000
2022-04-11,0.16200000000000000000
2022-04-18,0.35250000000000000000
2022-04-25,0.23000000000000000000
2022-05-02,0.22800000000000000000
2022-05-09,0.32800000000000000000
2022-05-16,0.30400000000000000000
2022-05-23,0.21600000000000000000
2022-05-30,0.27250000000000000000
2022-06-06,0.29600000000000000000
2022-06-13,0.16200000000000000000
2022-06-20,0.09750000000000000000
2022-06-27,0.09800000000000000000
2022-07-04,0.06000000000000000000
2022-07-11,-0.03400000000000000000
2022-07-18,-0.17400000000000000000
2022-07-25,-0.20400000000000000000
2022-08-01,-0.21600000000000000000
2022-08-08,-0.37600000000000000000
2022-08-15,-0.42200000000000000000
2022-08-22,-0.34400000000000000000
2022-08-29,-0.28800000000000000000
2022-09-05,-0.27500000000000000000
2022-09-12,-0.19600000000000000000
2022-09-19,-0.39600000000000000000
2022-09-26,-0.44200000000000000000
2022-10-03,-0.38400000000000000000
2022-10-10,-0.42000000000000000000
2022-10-17,-0.43000000000000000000
2022-10-24,-0.34800000000000000000
2022-10-31,-0.36200000000000000000
2022-11-07,-0.50800000000000000000
2022-11-14,-0.51500000000000000000
2022-11-21,-0.65000000000000000000
2022-11-28,-0.74250000000000000000
2022-12-05,-0.74600000000000000000
2022-12-12,-0.80800000000000000000
2022-12-19,-0.72200000000000000000
2022-12-26,-0.55500000000000000000
2023-01-02,-0.48750000000000000000
2023-01-09,-0.67400000000000000000
2023-01-16,-0.67750000000000000000
2023-01-23,-0.67800000000000000000
2023-01-30,-0.67200000000000000000
2023-02-06,-0.73200000000000000000
2023-02-13,-0.79800000000000000000
2023-02-20,-0.79500000000000000000
2023-02-27,-0.78400000000000000000
2023-03-06,-0.87600000000000000000
2023-03-13,-0.89000000000000000000
2023-03-20,-0.48600000000000000000
2023-03-27,-0.44600000000000000000
2023-04-03,-0.53000000000000000000
2023-04-10,-0.53400000000000000000
2023-04-17,-0.55800000000000000000
2023-04-24,-0.61000000000000000000
2023-05-01,-0.52400000000000000000
2023-05-08,-0.47600000000000000000
2023-05-15,-0.49200000000000000000
2023-05-22,-0.56200000000000000000
2023-05-29,-0.63750000000000000000
2023-06-05,-0.76600000000000000000
2023-06-12,-0.80600000000000000000
2023-06-19,-0.89250000000000000000
2023-06-26,-0.95400000000000000000
2023-07-03,-1.02600000000000000000
2023-07-10,-0.91250000000000000000
2023-07-17,-0.88400000000000000000
2023-07-24,-0.96200000000000000000
2023-07-31,-0.92400000000000000000
2023-08-07,-0.75400000000000000000
2023-08-14,-0.74800000000000000000
2023-08-21,-0.66600000000000000000
2023-08-28,-0.75000000000000000000
2023-09-04,-0.74500000000000000000
2023-09-11,-0.69000000000000000000
2023-09-18,-0.71000000000000000000
2023-09-25,-0.66200000000000000000
2023-10-02,-0.45800000000000000000
2023-10-09,-0.31750000000000000000
